id,domain,status,purchase_price,renewal_price,attractiveness,demand,length,registrar,created_at,expires_at
01a5bd26-712b-47cd-a789-3049f301f4ca,DakotaCity.cn,premium,,,60,4,11,,,
01d034bf-6c3a-4b32-afd0-9427b56d8fe9,Idonotknowit.cn,premium,,,50,4,16,,,
0251cbeb-615e-4ee6-aa01-603e4f512fde,Idarebebound.cn,premium,,,50,12,15,,,
037e96f4-5c02-431a-913e-618343c1356a,sources.cn,resell,,,48,14,7,Dynadot Inc,,
049a64f1-13a7-4a8d-91ef-3cd3a126a0da,Frenchfried.cn,premium,,,70,2,12,,,
06b6c72d-304a-4036-b623-11f623d864e5,spaces.cn,resell,,,54,30,6,Dynadot Inc,,
078dc8bf-6ea9-4749-a440-71ae88e888e9,AcademyAwards.cn,premium,,,68,3,14,,,
07e6ceeb-297f-4f14-8c34-908d08d19c3b,CountyofSussex.cn,premium,,,44,2,16,,,
07eee3f4-253e-4396-9870-9329ac9a798a,YankeeDoodle.cn,premium,,,63,2,13,,,
0834d815-740d-431e-8ab4-21553b4e79ed,gems.cn,resell,,,70,28,4,Dynadot Inc,,
08a0cab5-6479-4a10-bcf4-c90105ee0960,Frenchvanilla.cn,premium,,,54,1,14,,,
08e2e619-d822-4bef-a3f0-31c04aee5004,SaintGeorge.cn,premium,,,54,6,12,,,
092ded5e-e979-42c3-9e56-0999d5ea04b0,NASAsupported.cn,premium,,,60,1,14,,,
0a0e90b8-0f36-4ae8-8937-48bc494034e5,TheBahamas.cn,premium,,,70,66,11,,,
0a485990-fd2c-4fd9-b70d-be182149e000,watches.cn,resell,,,84,19,7,Dynadot Inc,,
0a5b836c-866b-4f34-9afb-07b9315ef862,midSeptember.cn,premium,,,72,1,13,,,
0b9d1d7e-e434-4e56-82b0-d53ad109e224,Imustgo.cn,premium,,,58,1,9,,,
0cb291b0-207d-465f-beb4-0e318de7e634,Cheddarcheese.cn,premium,,,66,2,14,,,
0d1e3b3f-ea1a-434b-8960-08ae5b39b55c,fixitagainTony.cn,premium,,,52,1,17,,,
0d3ed71b-39ab-4dae-b4ba-680c05b3893c,Ihavenever.cn,premium,,,68,1,12,,,
0f2248a4-c7fe-4b5c-a42a-70ed7d3750d2,Ihaveafever.cn,premium,,,50,1,14,,,
0f5b2017-8be5-45d4-8b2f-11bc24bb40c8,reports.cn,resell,,,58,24,7,Dynadot Inc,,
104ba5f1-717e-4fcf-926e-18aa88392e4a,CountyofRussell.cn,premium,,,42,1,17,,,
10920317-a8ef-412b-9aea-95de80aa430e,Ihaveadisability.cn,premium,,,50,1,19,,,
112f1c99-2174-4013-bb61-fcfb2e1eae0b,investments.cn,resell,,,60,20,11,Dynadot Inc,,
115b6055-8bb4-4cbc-8f16-5639d5685601,midFebruary.cn,premium,,,80,1,12,,,
126de6ee-4991-4453-9d52-4fd5387e93b9,chunks.cn,resell,,,46,8,6,四川域趣网络科技有限公司,,
12e85fb1-f371-495e-8be0-04e85d27db3d,NewOrleans.cn,premium,,,72,15,11,,,
1498b83f-4f1c-47d1-8ac3-4cd544875c7f,GodSavetheKing.cn,premium,,,76,12,17,,,
14d15da3-0b56-40bc-9ab8-1225c8fdceb0,comedians.cn,resell,,,56,4,9,Dynadot Inc,,
14fc7642-14c4-4d0e-b503-fb5400ebc2e0,CincodeMayo.cn,premium,,,68,7,13,,,
159ed65e-ec80-49a3-aaaa-43cd0a259f78,IsleofSheppey.cn,premium,,,52,1,15,,,
1606d679-be44-4b96-902f-b5cd13b9ed23,bands.cn,resell,,,52,13,5,Dynadot Inc,,
16d9eabc-ac7c-46ea-8be8-dccc93f1dc0c,Maidens.cn,premium,,,80,4,7,,,
16eac721-0055-4477-8c7d-4df965f1db9f,Irishhospitality.cn,premium,,,78,1,17,,,
17131663-9083-4efd-a935-c4f33bb70f08,DakotaCounty.cn,premium,,,52,2,13,,,
178c99a3-dde0-4cb7-8dad-28e62b65ccf2,IslesofScilly.cn,premium,,,52,1,15,,,
17a9dcff-f7eb-4132-b0cc-87149b535b80,GodtheHolyGhost.cn,premium,,,58,1,18,,,
17c7f1a8-a1ce-4d5d-9533-7dbce8110d69,states.cn,resell,,,70,16,6,Dynadot Inc,,
18dfe7c3-c866-4fd5-8d44-6245cb3f2164,gears.cn,resell,,,54,12,5,Dynadot Inc,,
1b8155ab-cc80-44ec-8192-311f84559eb5,trades.cn,resell,,,71,26,6,Dynadot Inc,,
1bfc6e87-ba8a-49f7-807b-e8fa91ef8cfc,BlackDeath.cn,premium,,,56,16,11,,,
1c69d27d-0287-4433-b622-92996d8061ca,came.cn,resell,,,70,10,4,广东时代互联科技有限公司,,
1cb0385e-53ba-4778-93b2-ec4921bc2946,TraverseCity.cn,premium,,,59,9,13,,,
1cf8b0ef-2f31-4fbf-b502-dde813b9aeac,collections.cn,resell,,,48,14,11,Dynadot Inc,,
1d10a565-ff8d-449f-a496-f0f6ce628c21,SpiritofGod.cn,premium,,,63,2,13,,,
1d367834-52e6-4e6c-8d5b-4dac2ec8ba9e,planes.cn,resell,,,67,13,6,Dynadot Inc,,
1d737b74-38e7-47c1-9c91-bdb0913afaeb,DalaiLama.cn,premium,,,84,11,10,,,
1dc1e466-e490-4f67-a9ba-6e97fbff8dbc,PeaceCorps.cn,premium,,,74,2,11,,,
1e3beffe-fe6e-42c9-9e43-0d8f294458f1,GuptaEmpire.cn,premium,,,64,1,12,,,
1e70313e-5677-46c5-bc22-93ed4f122b70,figures.cn,resell,,,58,19,7,Dynadot Inc,,
1e904b2f-fb36-451c-b2d4-7dc4246a7b7c,AlcoholicsAnonymous.cn,premium,,,52,4,20,,,
1f267da4-0bcb-4bbc-910c-1c0e52df19c0,Katy.cn,premium,,,74,17,4,,,
1f3482f8-e373-4d10-ac66-cc6eb375494f,Ihavediabetes.cn,premium,,,50,2,15,,,
1f604455-7c53-41ae-a3eb-ae015fa72985,StCharles.cn,premium,,,70,5,11,,,
20134672-7586-4ef1-9427-9d27c03b7cda,FinalJudgment.cn,premium,,,54,2,14,,,
20140bcc-ba7d-46db-b01a-8a926e5d46d4,StVincent.cn,premium,,,70,6,11,,,
2035c90f-17fb-453e-8c44-20f57569951f,derive.cn,resell,,,72,15,6,浙江贰贰网络有限公司,,
20e96d69-8a44-4c0d-a9a2-50a6e3045c2f,OpiumWar.cn,premium,,,52,1,9,,,
21bd96ae-09e9-483b-9e95-84a38c755914,Gregor.cn,premium,,,66,14,6,,,
220f9693-594c-4899-bae2-9967342262d0,IsleofWight.cn,premium,,,54,9,13,,,
2217a16d-6ec6-4ee0-b27b-78d67621a669,JusticeSociety.cn,premium,,,48,1,15,,,
22bcfb3f-0e50-4839-bc6d-501beb2485c3,Places.cn,resell,,,74,22,6,Dynadot Inc,,
2310c663-d996-4a15-934a-6b04d0c0b596,Greekalphabet.cn,premium,,,62,2,14,,,
2347bf83-dba8-4527-b906-88eb2807b5b6,Igirder.cn,premium,,,58,1,8,,,
2391fd7d-ee71-483d-8081-c0d4aa5aee5f,Netherlands.cn,premium,,,76,93,11,,,
247b3042-44b2-4b93-b726-60b4bfde8512,TwinTowers.cn,premium,,,66,4,11,,,
251fb62a-ac1e-458d-95f8-aa8a6ab6a51f,MiddleEasterner.cn,premium,,,62,1,16,,,
25db949d-c22a-4a62-9324-70915a0fbb65,USBdrive.cn,resell,,,76,1,9,"GoDaddy.com,LLC",,
25eb9b2e-548a-422a-8578-a8aeb466810e,Iwould.cn,premium,,,58,12,7,,,
2607a4d4-0187-470e-b6b5-08c03753386a,StStephen.cn,premium,,,70,2,10,,,
2755347d-fc11-4591-9342-8eced924ade7,Iputittoyou.cn,premium,,,50,1,15,,,
27855244-ab69-4a78-ab27-2e5ddbc17141,Philippines.cn,premium,,,68,94,11,,,
27c36524-fae9-4cf6-baf7-10c4bb3f42de,Bets.cn,resell,,,72,27,4,Dynadot Inc,,
28c08c62-090e-4f9b-bc6c-17d7d2283b77,IamEnglish.cn,premium,,,58,1,12,,,
28ee5eee-40fe-497f-9ac1-d668d043d117,MacBook.cn,resell,,,90,74,7,厦门易名科技股份有限公司,,
290fcca5-cc21-4e54-b951-a392b9bd7837,SouthAmerican.cn,premium,,,66,10,14,,,
292ada03-c8fc-43cd-a136-aea068b5a516,SierraLeone.cn,premium,,,62,92,12,,,
29ce69e0-8d1d-4af8-8cd4-ddae168fdfd2,FrenchQuarter.cn,premium,,,48,5,14,,,
2c1b3631-8b8a-4d64-93be-f90ecfdf3a08,Godresthissoul.cn,premium,,,44,1,17,,,
2cb211dc-b70e-41f4-a29d-e9c33b4ac920,Frenchicecream.cn,premium,,,72,1,16,,,
2d564b55-79e2-4c04-95a8-1fb1d4a1cf64,gowithGod.cn,premium,,,68,2,11,,,
2de58ffe-d4a2-4682-aca7-42d2c5327d4c,Scotchtape.cn,premium,,,80,2,11,,,
2e8fb9b5-8125-479e-b286-86775bfc071c,AustraliaDay.cn,premium,,,66,4,13,,,
2ffb9276-cd5c-4e32-8b6a-75e8132b5e47,IsleofThanet.cn,premium,,,52,2,14,,,
3120d728-8a70-41d2-8071-dfd8be15d239,Idoubtit.cn,premium,,,58,2,10,,,
31ad08a5-c0e4-48e4-b0ca-527e79d032f6,votes.cn,resell,,,60,11,5,Dynadot Inc,,
32039df7-8cb2-43c6-8d9d-d78fb1c55bbb,dresses.cn,resell,,,58,10,7,Dynadot Inc,,
3290367b-5353-4d19-99ec-f8870f56c3b2,Frenchroll.cn,premium,,,56,1,11,,,
32d29217-1a11-4789-94b7-68570949d309,Romanfoot.cn,premium,,,44,2,10,,,
3302e929-a8a3-44d0-8096-1dce988d11c4,commonground.cn,resell,,,74,28,13,阿里云计算有限公司（万网）,,
3341c6dc-a34e-4fa5-831a-92d85c864a17,Ichooseviolence.cn,premium,,,44,1,17,,,
35e1b9f8-19e7-4a75-8567-aba7550c6dee,ChildJesus.cn,premium,,,56,2,11,,,
365233ec-dbf7-4410-af92-ba833e0951c8,IwishImaybeshot.cn,premium,,,44,1,20,,,
375219fd-70de-4169-94d8-7014b9ea7702,surveys.cn,resell,,,56,15,7,Dynadot Inc,,
37784bd0-8dab-473a-bf80-bd4d2cc834bd,IliveinMelbourne.cn,premium,,,50,0,19,,,
392b0a53-e665-46ce-9e15-694c911849b4,NewGlasgow.cn,premium,,,71,3,11,,,
3946fcac-16d7-4014-b9d2-739bc57646d8,streetfighter.cn,resell,,,62,8,14,阿里云计算有限公司（万网）,,
39bddeb4-fa62-4b4d-ba9f-3d8095f39931,packages.cn,resell,,,54,13,8,Dynadot Inc,,
39efe9c6-d5e2-4e7b-9245-2d20f69c0b9c,advisors.cn,resell,,,52,16,8,Dynadot Inc,,
3a34b988-6b24-461c-9dc7-e85c3f9f8ba6,Christalmighty.cn,premium,,,68,5,15,,,
3d50dc64-73c1-4f51-a5bb-47a1b17eaca7,Occupations.cn,premium,,,50,3,11,,,
3d8406e3-374e-4e6c-a7b3-518db79e5ea0,Godlovesomeone.cn,premium,,,50,1,16,,,
3d879593-6b22-4280-8321-c6dde94096de,messages.cn,resell,,,80,16,8,Dynadot Inc,,
3d9e4de6-514c-4d45-a53a-aacaa3499a3f,NewGuinea.cn,premium,,,64,2,10,,,
3dca8f69-6680-4a72-bf27-0e6b367ac21e,results.cn,resell,,,59,22,7,Dynadot Inc,,
3e29e9af-c2ec-46fb-9443-72187f47359a,Englishspeaking.cn,premium,,,58,3,16,,,
3ed21a08-9e8c-4656-9c3a-4f4057294090,Instagrammable.cn,premium,,,72,2,14,,,
3fbadd9c-28f5-447d-af35-89af681e33d0,Germanchamomile.cn,premium,,,72,1,16,,,
404386cb-de80-4c7b-abd0-3e4067b29ee0,YubaCity.cn,premium,,,69,4,9,,,
40a05e8c-e17d-4b0b-a6cf-e72210eebc27,designers.cn,resell,,,72,15,9,Dynadot Inc,,
40b265be-4653-4e5c-b9fd-9afd0b8f86b6,Christmascarol.cn,premium,,,72,3,15,,,
419db3e8-6d71-41ac-93c9-8d73ac08a1ac,Lions.cn,resell,,,72,22,5,Dynadot Inc,,
44e02c70-236f-4c6b-a874-ff757caa0eba,Iwouldratherdie.cn,premium,,,44,1,18,,,
4553cf31-405b-4630-a530-fd8cbf8a19cf,MasterofScience.cn,premium,,,60,2,17,,,
45c85b8f-7619-4d2f-9086-d028c35ff0cb,everbody.cn,resell,,,62,3,8,Key-Systems,,
462e71ca-2918-4142-948c-d809e3716355,NewTaipei.cn,premium,,,73,3,10,,,
465de716-2064-486d-a3b6-c9f4b2eae482,Ilostmyglasses.cn,premium,,,50,1,17,,,
468b6ba8-9a30-41f4-8a4b-3e1377d8d914,houses.cn,resell,,,66,18,6,Dynadot Inc,,
472d5e9a-a64b-45fe-84c1-a333df049394,WorldWarIII.cn,premium,,,48,3,13,,,
485597a0-887f-4c7c-8d99-bf3bdbcd4c38,OttomanEmpire.cn,premium,,,64,2,14,,,
496a71f7-5be1-4a64-a568-82ef859dc691,WestHills.cn,premium,,,62,9,10,,,
49a67260-9c0a-4788-b934-717e4dd4e2b5,sciences.cn,resell,,,56,11,8,Dynadot Inc,,
49e22862-b91f-4755-9b49-ebce8b807736,calculators.cn,resell,,,54,16,11,WEST263 INTERNATIONAL LIMITED,,
49ed991e-458f-4001-bffd-d4916d50cd49,SouthTyrol.cn,premium,,,66,6,11,,,
4a2998d4-e76c-449c-a799-36f427897263,Ijustworkhere.cn,premium,,,50,2,16,,,
4a83899b-ec59-457d-bac4-0f156cef13ea,affiliation.cn,resell,,,78,9,11,厦门市中资源网络服务有限公司,,
4a8aec38-2182-40bc-bdf3-a8bfcc21e4ca,FinalFour.cn,premium,,,82,3,10,,,
4c054783-4f5e-423e-9aa5-bb2824c2adae,soups.cn,resell,,,56,6,5,Dynadot Inc,,
4c08b080-998f-4a3b-b47a-6db98e095327,Christalive.cn,premium,,,76,3,12,,,
4d4d971b-eba7-470a-8ac5-800688dce960,Barbiepink.cn,premium,,,84,11,11,,,
4ebbdc01-6cd1-4c84-a2ea-01a52c3d0f63,Ilostmykeys.cn,premium,,,50,1,14,,,
4f00d7e8-3124-45a0-86bb-79985fd56220,volleyball.cn,resell,,,78,18,10,厦门易名科技股份有限公司,,
4f307cac-1c5a-49eb-8e2c-ed77e9a28422,StPauls.cn,premium,,,72,5,8,,,
4f786925-85d8-428f-8891-4622dfef6db5,visitors.cn,resell,,,62,10,8,Dynadot Inc,,
4ff61429-b18a-4b79-9fe7-5c5c0eb299e9,taller.cn,resell,,,54,10,6,浙江贰贰网络有限公司,,
4ffdeb21-ecee-4650-8f71-6ee3a5a58f4d,AnnaKournikova.cn,premium,,,72,1,15,,,
50386b3f-467b-4b79-a6fe-d7c6bbba6189,hides.cn,resell,,,50,5,5,"eNom, Inc.",,
50776fa9-b71a-4f21-9a64-7b7ba929eb20,Ilostmybackpack.cn,premium,,,50,1,18,,,
509263ab-3532-4d74-a378-e962bb78c2b4,LordMayors.cn,premium,,,58,2,11,,,
53c7c3f9-567b-4655-8d9d-50d2215bc038,guards.cn,resell,,,76,9,6,Dynadot Inc,,
54ef2db6-3a9f-4234-bba2-f09a8177651d,Frenchloaf.cn,premium,,,74,2,11,,,
5577ac09-bfae-47fa-9adc-f2f215f541a4,IsaidwhatIsaid.cn,premium,,,50,2,18,,,
557e4b09-dfc9-450b-ac75-4204352ed540,wins.cn,resell,,,68,21,4,上海福虎信息科技有限公司,,
55fc1d1b-00f9-4318-a2f7-89f7f38f460d,RiceBubbles.cn,premium,,,60,1,12,,,
5602a67f-57b8-4e7e-9a08-aaaeff4bb0b6,voices.cn,resell,,,60,19,6,Dynadot Inc,,
57d9eb82-b247-424a-a355-2f72ea736cda,midJanuary.cn,premium,,,80,1,11,,,
58495a0a-f104-496f-a519-11ee82131b9d,suits.cn,resell,,,61,13,5,Dynadot Inc,,
587f2a2b-b8f6-40a6-8796-aa9a8d582bd5,nurses.cn,resell,,,54,13,6,Dynadot Inc,,
5959c5ca-86e7-4dca-93a9-ede59e6f0329,yesno.cn,resell,,,48,14,6,厦门易名科技股份有限公司,,
5a128dee-1871-4574-a9e1-4e0cda1e5d1d,Frenchthyme.cn,premium,,,74,1,12,,,
5ac08e60-3caf-4456-ae62-abfe4468aecf,faces.cn,resell,,,60,21,5,Dynadot Inc,,
5b017907-8a76-49de-95f2-ec7a01f631e0,getoutofDodge.cn,premium,,,62,1,16,,,
5bed5216-5022-4a65-b54b-36e0561efb69,Ineedtovomit.cn,premium,,,50,1,15,,,
5c16ab9b-2ee9-44f6-a5a6-a5e4a46e985d,Chinesenoodles.cn,premium,,,54,11,15,,,
5de34300-3ebe-4771-8782-91a7d3b0fba0,WorldWarIV.cn,premium,,,52,1,12,,,
5e8b4a7e-6581-47dc-9c15-8615ae3bd5f4,QueenElizabeth.cn,premium,,,82,4,15,,,
5ea0e63e-cad0-43ed-a40e-dda2cca5b737,questions.cn,resell,,,78,17,9,Dynadot Inc,,
5ec7b317-98ec-4922-aecb-56b4023b1281,Lordhavemercy.cn,premium,,,54,2,15,,,
5f620056-cdcf-45e9-8d2f-78986e8a16dd,NewYorkState.cn,premium,,,76,4,14,,,
5f6ed6e5-c52c-4ea4-b858-950a49f06f21,facilities.cn,resell,,,77,10,10,WEST263 INTERNATIONAL LIMITED,,
5fb6bcda-c300-4a43-b107-b3b650824f20,WWWpage.cn,premium,,,80,1,8,,,
5feb32c1-dd7d-4e72-9299-cdb1738fdf74,records.cn,resell,,,58,18,7,Dynadot Inc,,
603aa0b4-3de5-4cb0-97ef-817c0a91acf1,CountyofKings.cn,premium,,,54,2,15,,,
61af4125-661e-4608-8866-ff46b5adade5,CountyofYork.cn,premium,,,44,1,14,,,
62d64f7e-1ae8-4bde-91be-bbd11809bcc6,TyphoidMary.cn,premium,,,59,1,12,,,
634c513b-a3f3-45f2-8e89-14e5e23a7176,Ineedaguide.cn,premium,,,50,1,14,,,
636b5955-b448-4e42-8d82-070956047792,distribution.cn,resell,,,68,18,12,Dynadot Inc,,
64288da6-2ebd-4e9f-8fc2-0ac555c4d1b2,JollyRoger.cn,premium,,,82,10,11,,,
642c265c-d920-46cb-933e-51be1bb079cf,Itellalie.cn,premium,,,58,1,12,,,
64a0a26d-17d4-422a-8a59-1ddfbafc009c,Christmascard.cn,premium,,,72,4,14,,,
652705bb-9f43-47b8-903c-011e62e9bcbf,ships.cn,resell,,,54,15,5,Dynadot Inc,,
65baeba2-d1db-4423-9e77-f1182d4b114c,Europeanhedgehog.cn,premium,,,64,1,17,,,
668a8f02-881e-49f4-a296-1d68221255b2,LaurelandHardy.cn,premium,,,64,2,16,,,
66cae742-d506-45b5-84a6-84767449b744,opinions.cn,resell,,,62,11,8,Dynadot Inc,,
66f9007e-15f7-4baa-ac44-3ff479d8368d,cups.cn,resell,,,60,12,4,厦门易名科技股份有限公司,,
673ddbe0-eeb8-4f79-86a4-e642a6b9d0db,wore.cn,resell,,,50,7,4,北京网尊科技有限公司,,
6757879c-bbea-45db-874f-c447728805bf,Frenchlavender.cn,premium,,,72,5,15,,,
6818a67d-4dae-408f-97d7-7eb05265c85f,Ihavenomoney.cn,premium,,,50,1,15,,,
69522dc3-3c8d-4650-888d-8e72cb70cc67,WestIndies.cn,premium,,,68,9,11,,,
6a46a01e-1c38-4bf6-9220-411a54ff1f75,fivestar.cn,resell,,,86,25,9,阿里云计算有限公司（万网）,,
6a4a1245-f451-4f47-a490-2dfaebc06bee,cases.cn,resell,,,50,12,5,阿里云计算有限公司（万网）,,
6a548bde-dd3d-4ab5-a8f9-065017e7d5f7,IhopeImaybeshot.cn,premium,,,44,1,20,,,
6b76ebd5-edce-4dd2-a46d-4cc53d94e106,AlbertEinstein.cn,premium,,,90,6,15,,,
6bd1baea-c076-418a-a974-710c868d10f6,BlackPlague.cn,premium,,,56,12,12,,,
6bda3476-239c-4ba7-b822-f4769c33c8d0,Frenchparsley.cn,premium,,,66,1,14,,,
6c1dba88-0932-49ff-8580-9dab50b9c816,SantaClara.cn,premium,,,75,9,11,,,
6d191f29-4117-4c02-bc94-82f296eb35cf,Spanishrice.cn,premium,,,59,2,12,,,
6d5e8d00-a05e-43a4-8e0c-1b1869b07bb8,GoodFriday.cn,premium,,,72,9,11,,,
6de62e65-f967-4837-98d5-556b85bc3db7,teamsport.cn,resell,,,73,7,10,"GoDaddy.com,LLC",,
6f7d073c-82be-4203-ae21-7b0b015bc8d6,Godforbid.cn,premium,,,62,3,10,,,
704efb93-92ba-43bc-b3be-d28d85d9de9f,Ilostmywallet.cn,premium,,,50,1,16,,,
70552c51-1885-470b-91f4-964371099c44,based.cn,resell,,,82,45,5,阿里云计算有限公司（万网）,,
72b9acb6-efdc-4bfe-ae27-092fa56401fe,CountyofHarris.cn,premium,,,42,1,16,,,
72c5d7f1-929a-406b-a19f-51520763ff61,accountability.cn,resell,,,70,19,14,阿里云计算有限公司（万网）,,
735d3dd3-8eaa-4775-b870-c409ac6399d6,offices.cn,resell,,,60,16,7,Dynadot Inc,,
7385dd2a-bebc-457e-8697-0f9e7f66e342,Americanway.cn,premium,,,72,4,12,,,
739668ba-34a9-4b08-b68c-fd9027074ff8,BlackThursday.cn,premium,,,44,11,14,,,
73f78ea5-ad0f-4d27-882d-b4413adf05c0,NewRochelle.cn,premium,,,60,3,12,,,
74b5235d-6296-4e2a-a7dd-a38dba6cb794,howdoIgetto.cn,premium,,,50,6,15,,,
77b3644d-8dd6-4a72-adb3-0f57accb1e2f,orders.cn,resell,,,60,19,6,Dynadot Inc,,
77c7ba1c-5a2d-45ae-ae47-bd33fac830fa,reservations.cn,resell,,,50,17,12,Dynadot Inc,,
77e7b9c5-17f6-4b2f-9bf0-f7264c131b85,Icouldeatahorse.cn,premium,,,50,1,19,,,
78235b48-3f16-40b6-b32b-b5a44530d47a,UML.cn,resell,,,72,10,3,厦门易名科技股份有限公司,,
78b75050-0f1f-46b2-ab88-3bcdab532728,ColonelSanders.cn,premium,,,68,1,15,,,
79bc002f-dff9-4147-b19e-83b900f471d7,Olympicflame.cn,premium,,,78,1,13,,,
7ab27a8f-c4b9-4369-9687-1021e1ce3dcf,GrandExchange.cn,premium,,,56,5,14,,,
7ae74a2c-7f2f-4c15-bd2a-0b1bd8eff3da,Jewnose.cn,premium,,,66,1,8,,,
7b80a2a5-6f74-4627-9893-c08dba44c8a7,events.cn,resell,,,68,37,6,Dynadot Inc,,
7ba4d0f2-3cf6-459e-9a47-1ce9068c4837,Frenchroast.cn,premium,,,62,2,12,,,
7c70f49e-82bd-4198-b583-f8143fa939c0,GermanReich.cn,premium,,,56,1,12,,,
7cb48295-1b32-4862-9aac-7c1db7c05be6,TempleCity.cn,premium,,,67,4,11,,,
7d588323-96a6-44e1-a728-1f80288274e9,fittoaT.cn,premium,,,64,1,10,,,
7e06550f-e12c-40e5-a0c5-f9b768f3170a,streetart.cn,resell,,,76,14,10,Realtime Register B.V.,,
7ecba53e-a2f3-4faf-9dec-7f0c1e15bfe2,PopeGregoryI.cn,premium,,,28,1,14,,,
7ecbd87f-cb57-4742-a0ef-e9dbf3f36fd5,postcards.cn,resell,,,50,11,9,Dynadot Inc,,
80051b5b-1392-406b-bd14-b6cf136cb141,Zulutime.cn,premium,,,68,3,9,,,
804ec72d-500e-4da5-a941-eb2635aed0be,stadia.cn,resell,,,66,22,6,阿里云计算有限公司（万网）,,
80c439f9-d871-4b28-8a13-30cfd2c4244b,Englishmuffin.cn,premium,,,72,6,14,,,
8271ef43-6120-49a3-ab65-780bed223aaf,Yukongold.cn,premium,,,73,17,10,,,
8358e6f1-0afc-44fe-bdce-da6a6d0f910c,posters.cn,resell,,,60,13,7,Dynadot Inc,,
835c3f14-5c8d-429a-ac46-4b4397e90ae4,Internetlike.cn,premium,,,70,1,12,,,
84362f2d-60d0-44db-84a2-20181451f3ac,SwedishEmpire.cn,premium,,,58,1,14,,,
85857a70-c86b-4a82-b493-ce7ec65394ae,WestHaven.cn,premium,,,60,10,10,,,
858f9abc-ba18-4e8b-b0ad-5a336b1dd219,breasts.cn,resell,,,50,9,7,Dynadot Inc,,
868d0369-958d-4569-a471-c7b585c90c6a,rollout.cn,resell,,,72,13,8,阿里云计算有限公司（万网）,,
868e6f7a-94bb-46ff-9983-9c58a5267490,IamHIVpositive.cn,premium,,,44,1,17,,,
869e6539-99b3-4031-b0f6-59fced0111ad,puzzles.cn,resell,,,52,16,7,Dynadot Inc,,
874de097-c6e4-4349-b6a0-69655064361e,AmazonRiverdolphin.cn,premium,,,72,1,20,,,
885d3a2f-50c5-4aa7-bd06-cd87b54bd75a,couples.cn,resell,,,52,14,7,Dynadot Inc,,
893d018c-4407-4446-8047-cf0716c6cc3d,froze.cn,resell,,,46,9,5,Dynadot Inc,,
89566f1a-f5a3-4b67-863b-b447f6dc6ada,Iwanttoknow.cn,premium,,,50,5,14,,,
89703822-ec9d-4c3d-b4c2-8d37792c5b64,Snickers.cn,resell,,,80,10,8,阿里巴巴云计算（北京）有限公司,,
89a8cb4b-78b7-400e-b53f-bca025e7ee27,BlackTuesday.cn,premium,,,44,12,13,,,
8aa3efa2-a1b3-4479-8217-cad026f3c55d,goAWOL.cn,premium,,,46,2,7,,,
8aa5d3a1-7377-43ff-84bb-aecbecd52597,returns.cn,resell,,,72,16,7,Dynadot Inc,,
8b01a33d-4bc9-448d-bb3b-cb3a733cafac,Imustsay.cn,premium,,,66,1,10,,,
8b4b0ced-5691-48e2-83b4-4084f0904f23,Ibegyourpardon.cn,premium,,,50,8,17,,,
8b632e7c-4dd7-460d-9be9-8f1289b7e6f0,berries.cn,resell,,,60,13,7,Register.com,,
8bab16ae-5e88-437e-8921-a02a7f06cd22,Igotmine.cn,premium,,,58,4,10,,,
8badd980-4faf-40d4-82ac-8a17b0ed12dd,systems.cn,resell,,,46,27,7,Dynadot Inc,,
8be1729a-6e67-4bb6-a6f3-0d424e232a16,makeover.cn,resell,,,76,12,9,Dynadot Inc,,
8d4fe857-4224-433b-b475-a18410548536,dates.cn,resell,,,56,15,5,Dynadot Inc,,
8dd3b7ad-bbda-45a3-8ddc-50ab8109c0d1,Ionlyworkhere.cn,premium,,,50,1,16,,,
8ef82da8-135f-4022-9bd9-8dab6dbd9882,Westcott.cn,premium,,,58,10,8,,,
8fdd361f-efd6-4dc8-8c60-e8271af357c5,signs.cn,resell,,,64,22,5,Dynadot Inc,,
9112f30b-39e3-4ae1-a384-b682ca370d78,teams.cn,resell,,,62,32,5,Dynadot Inc,,
919d68d3-e07a-4256-a7ef-6fd5a65ac6aa,StHelena.cn,premium,,,70,3,10,,,
932b37a0-0ba7-4a8b-9158-256c7d542f40,SikhEmpire.cn,premium,,,64,1,11,,,
9494cfbf-2522-4b4d-aa0e-d4fdd8e09b6d,Gregorio.cn,premium,,,66,7,8,,,
962846fa-49b9-405f-a151-b88828909269,Tahoe.cn,resell,,,68,34,5,厦门易名科技股份有限公司,,
97337ff8-8717-4425-b1ab-9bb46ecbf4d0,NewTestament.cn,premium,,,70,5,13,,,
973c6d32-36d8-4873-965c-afe653528992,Californiakilowatt.cn,premium,,,66,1,19,,,
9740f3bb-abac-45b8-8362-1ad924eec276,SriLanka.cn,premium,,,68,94,9,,,
9831cb25-6731-4bf0-931c-67e2e54af407,Istandcorrected.cn,premium,,,50,2,17,,,
9891988e-f9f0-40f5-9eeb-ea13a7f1b57e,Sundayroast.cn,premium,,,84,4,12,,,
98f2f2aa-4d96-4fb7-81ac-1d47963d683b,compute.cn,resell,,,74,30,7,厦门易名科技股份有限公司,,
993633d7-3157-4531-a9df-f2996558e9ad,midDecember.cn,premium,,,80,1,12,,,
9a6c1b07-06cd-4c40-b33b-f3728a5dd7e8,HIVvirus.cn,premium,,,60,1,9,,,
9a75291f-21c7-4b67-acce-11925a26d3bf,StFrancis.cn,premium,,,72,6,11,,,
9b49a366-bcee-4415-8f64-3bc63e221903,rocks.cn,resell,,,78,18,5,Dynadot Inc,,
9d731b8e-aa64-4f3a-b5fe-a7e304b10c68,Ilostmyhandbag.cn,premium,,,50,1,17,,,
9d7c9273-907a-4a16-a819-81b81d6c3ad5,GeneralTsochicken.cn,premium,,,70,1,19,,,
9f4326ca-4123-48ec-8555-161906d9e25b,CoventGarden.cn,premium,,,72,6,13,,,
9fd44780-18b3-418d-b589-74eb140a926d,resources.cn,resell,,,58,21,9,Dynadot Inc,,
a069c0af-78a9-413f-a346-e80ca2b65eb8,StGeorges.cn,premium,,,54,6,10,,,
a0aba22b-ca56-4169-8962-2169a7dca9d5,paths.cn,resell,,,53,13,5,Dynadot Inc,,
a30dd321-9966-46da-bc72-160704e15081,SaintNicholas.cn,premium,,,64,4,14,,,
a47ff031-d33d-4c95-a028-9ba7b8026203,BRAS.cn,resell,,,70,13,4,Dynadot Inc,,
a492b6ef-9db0-4128-81a7-8b8be0ab8fdf,tips.cn,resell,,,80,26,4,Dynadot Inc,,
a4b4dcb3-d896-42be-9d0a-b152e90303c4,Englishmedium.cn,premium,,,54,1,14,,,
a4d00b3f-8021-4897-a1e0-718dc1f8b8bd,Ihaveasthma.cn,premium,,,50,1,13,,,
a5fba07b-8f99-4da4-8f45-23d4891ffba7,supplies.cn,resell,,,52,13,8,Dynadot Inc,,
a66303b1-98b5-4eec-af42-4e7f74ad5fb8,swimsuits.cn,resell,,,62,5,9,Dynadot Inc,,
a6cef0ca-f1a1-4ad9-b442-dfcf890d2148,satellites.cn,resell,,,59,8,10,Dynadot Inc,,
a700e171-0dfb-4f0e-b563-3b266c03fc34,targets.cn,resell,,,54,10,7,Dynadot Inc,,
a7ca0cc2-8f52-4499-b407-0d6f2c3757d5,PennStation.cn,premium,,,63,3,12,,,
a85769e6-8657-4222-bd90-bead497206f4,LordofHosts.cn,premium,,,54,2,13,,,
a8927230-386e-441d-9194-9ef1cf330e15,Ikidyounot.cn,premium,,,50,2,13,,,
a89f4038-1d80-4383-bd64-00ff679f3f85,midOctober.cn,premium,,,80,1,11,,,
ac20580a-534c-467e-b0ec-f31e008db370,MasterofArts.cn,premium,,,60,7,14,,,
ad286d77-9f81-4833-90a2-8c2a26972154,finals.cn,resell,,,80,7,6,成都垦派科技有限公司,,
add83998-7918-4dfe-b188-afc8f9356c40,ROTFL.cn,premium,,,60,12,5,,,
ae01046c-9a60-4927-b5b9-bc3f9863edc7,IsleofPurbeck.cn,premium,,,52,2,15,,,
af0ec3f9-234e-4ca1-ae73-d3f831846e91,comes.cn,resell,,,70,8,5,北京网尊科技有限公司,,
b0037467-63b7-46c9-ba3f-4467790b5285,Ilostmybag.cn,premium,,,50,1,13,,,
b060d0b4-096f-4b2b-96ec-dddd69f3b5ba,pearls.cn,resell,,,64,12,6,Dynadot Inc,,
b0777b82-0e61-4b57-aeee-70127e40e073,Ihaveaheadache.cn,premium,,,50,1,17,,,
b09b6713-8360-459c-beec-9c5d3b3da367,Frenchpancake.cn,premium,,,72,1,14,,,
b0eba341-fb48-4715-9c30-b517225ede58,registration.cn,resell,,,75,19,12,Dynadot Inc,,
b12e949a-43be-4c9a-9be7-d9f1da7e72be,tales.cn,resell,,,72,14,5,Dynadot Inc,,
b239b409-fa36-4be2-9309-93c7abb37b08,WestBranch.cn,premium,,,64,7,11,,,
b2b01d4b-d0d8-4703-8a03-edc54d2fd343,UnitedStates.cn,premium,,,66,92,13,,,
b2fd79ee-6440-49b7-a5d0-5b8174ae7fc0,icons.cn,resell,,,68,19,5,Dynadot Inc,,
b3520ae1-91d6-4fc3-a2a9-04a596fded3c,RomanEmpire.cn,premium,,,86,4,12,,,
b37f1b26-95b6-4901-9463-6b6d320299fa,BonfireNight.cn,premium,,,64,1,13,,,
b6830438-0285-4cec-8674-676ed2412dda,Catholicism.cn,premium,,,74,6,11,,,
b794aff8-e6e8-4414-b9bb-41d13d268dcd,Icouldeatabrick.cn,premium,,,50,1,19,,,
b8a8f90b-c520-4106-805c-9d43811ed650,VSCOgirl.cn,premium,,,76,9,9,,,
b8b7b9ef-76a5-4bee-9210-f5cd615ae718,photographers.cn,resell,,,47,10,13,Dynadot Inc,,
b94e2521-1172-42da-8245-9a59f69af3f8,SouthKorea.cn,premium,,,70,11,11,,,
ba7770c2-56af-4ca1-845e-f80d1b4cdb67,AcademyAward.cn,premium,,,76,1,13,,,
bacb635e-aac3-48a2-b9ec-8330a8bb1a42,Lordonlyknows.cn,premium,,,58,1,15,,,
bad1907c-3a8a-4f56-b373-7341cb959c12,McMuffin.cn,premium,,,86,2,8,,,
bb56f8ef-05eb-4ea4-886b-ae46bcb3c8cf,Frenchonionsoup.cn,premium,,,72,1,17,,,
bb83f0b7-19fe-4975-9945-2aa8c6002ca3,Iwillyeah.cn,premium,,,58,7,11,,,
bc6ba99d-f91f-4b11-bba3-adafbca647b3,LettersandScience.cn,premium,,,71,2,19,,,
bce543a5-e544-4de1-8227-1d49b91040ce,gooddoctor.cn,resell,,,78,8,11,阿里云计算有限公司（万网）,,
bd3e3c55-20b0-4a68-9857-ccb7b9addfbc,Ihaveaquestion.cn,premium,,,50,2,17,,,
bd647246-4475-40f8-ac85-99cea1fdfc09,Trumpian.cn,premium,,,62,3,8,,,
bdccf262-c4ce-438e-bc95-66bc366d7072,videos.cn,resell,,,52,30,6,Dynadot Inc,,
bf639565-9976-481b-9eb5-0e5fe5275b43,TahoeCity.cn,premium,,,59,4,10,,,
bf99b307-e7ed-408f-a484-8e50aab83b17,IKiribati.cn,premium,,,76,1,10,,,
bfe401be-5c0c-4cf6-9aff-b0b7e9c9accd,prescription.cn,resell,,,70,14,12,Dynadot Inc,,
c0c2582e-ad74-457c-8622-2e9f9b405ded,pools.cn,resell,,,61,19,5,Dynadot Inc,,
c0f20c85-8dc9-4758-b0ed-9ff1f2b270ae,myspace.cn,resell,,,80,65,7,浙江贰贰网络有限公司,,
c1d3bcc9-02ed-4af7-83fe-f1b32db3b41c,Frenchmustard.cn,premium,,,72,1,14,,,
c2a58929-c89f-492b-8e5c-73390ff9f19e,CountyTyrone.cn,premium,,,42,2,13,,,
c3c9da8d-9457-497f-8dc6-62c7254dd648,GermanEmpire.cn,premium,,,52,1,13,,,
c3e6b0ca-20b9-4a00-a10c-402129618fc8,motorsports.cn,resell,,,74,13,11,Dynadot Inc,,
c45c0420-6573-45f0-bbcf-9a7335d7b232,Ihearyousay.cn,premium,,,50,1,14,,,
c4aa19b6-1a5c-4448-9111-fd0b651c28b1,LordofChristmas.cn,premium,,,54,1,17,,,
c5814098-a210-4978-847c-33e30cdff824,CostaRica.cn,premium,,,74,94,10,,,
c697b40e-ac2c-4f44-86ca-53db6bc6f2dd,NewZealand.cn,premium,,,78,94,11,,,
c6e3be08-6a7f-48b0-a760-41dc2a2657a8,howshouldIknow.cn,premium,,,48,5,17,,,
c7702258-0fb8-452b-9484-1d90006b4591,GodtheHolySpirit.cn,premium,,,58,1,19,,,
c79f7f1d-ed4f-4e52-b517-f6ec28830c23,yards.cn,resell,,,66,9,5,WEST263 INTERNATIONAL LIMITED,,
c7fe3aea-71c6-42c0-9ef0-5a5d7e29efa1,studios.cn,resell,,,54,21,7,Dynadot Inc,,
c95fdfd7-6428-4246-ba0c-0fa70deb9e0f,DistrictofColumbia.cn,premium,,,52,4,20,,,
c96a6ab5-c6c7-4d0c-afdd-20ce9adb311f,Ihaveatoothache.cn,premium,,,50,1,18,,,
ca4cd48a-a5e7-4029-8969-1e3caa685e23,stages.cn,resell,,,57,12,6,Dynadot Inc,,
ca963668-5632-4b14-92e4-721e39f9a787,candles.cn,resell,,,67,13,7,Dynadot Inc,,
cac6e23d-d0cd-4f22-9b2b-5448ad146fd4,Atacama.cn,premium,,,62,9,7,,,
cacce694-eb85-4ead-8bb2-8c4240633f1d,GermanRepublic.cn,premium,,,42,1,15,,,
cad5de8a-93bd-4b31-af4e-6532036c3d16,WestHam.cn,premium,,,62,9,8,,,
ccd37cdd-07ff-4669-ba8e-6650ee69e5db,Romannumerals.cn,premium,,,58,2,14,,,
ccd63a15-9a86-4f45-b5f3-5221db790775,ElSalvador.cn,premium,,,72,95,11,,,
cd0f7e5d-8dd2-49b2-989a-cbf2d1ec4062,Frenchpie.cn,premium,,,62,1,10,,,
cfd89e1f-fa3a-47ef-afd5-b4b685288efd,Godonlyknows.cn,premium,,,50,9,14,,,
d00677f1-deed-4e76-ac85-b1abf5f3cde2,PuertoRico.cn,premium,,,70,92,11,,,
d0555c81-5dff-4c3b-a35e-a4a7f0bbf17f,adventures.cn,resell,,,64,18,10,Dynadot Inc,,
d077b14a-7a88-458e-afd6-bfcc2519e937,Frenchrice.cn,premium,,,74,1,11,,,
d099ec23-5802-4bc8-a824-f02a9af4c448,StPetersburg.cn,premium,,,64,8,14,,,
d1df89f5-61d5-4e7d-b141-b1e0977725de,roofs.cn,resell,,,50,11,5,Dynadot Inc,,
d3768854-d986-4dcb-ae84-66dc723eed63,jewels.cn,resell,,,80,15,6,Dynadot Inc,,
d3f30fff-7312-44d0-a39e-411178512a15,Idodeclare.cn,premium,,,58,2,12,,,
d41de594-ae75-408d-a20d-0f5023951e43,arrived.cn,resell,,,50,12,7,厦门三五互联信息有限公司,,
d4894fa0-fbdb-4898-86b7-ad35028ac299,StClair.cn,premium,,,68,7,9,,,
d5a4987e-1b8a-4d79-bc1c-3680b774aaa7,SouthAfrica.cn,premium,,,66,93,12,,,
d5dd42f0-5339-4cf3-be02-e227a8ee32a0,Irestmycase.cn,premium,,,50,9,14,,,
d66171d9-51bc-4f80-80ef-22a599769982,Carribean.cn,premium,,,80,3,9,,,
d755ffa1-9d83-4e29-b00b-a6e21dcae46a,Ifeelyou.cn,premium,,,58,4,10,,,
da15d04b-11ab-4499-83c4-3b8c95a790f1,sovereign.cn,resell,,,80,42,9,厦门易名科技股份有限公司,,
da27df15-855f-49b7-a606-f5fded0687ce,MiddleEastern.cn,premium,,,58,4,14,,,
da771b84-cfa6-4cad-b0c8-191361f3ca96,OKboomer.cn,premium,,,82,6,9,,,
dab2a259-a69e-47bd-837d-10e14386e5c7,VaticanCity.cn,premium,,,68,5,12,,,
dae7b253-0c16-4ced-95a4-1ea6e1b89da5,souls.cn,resell,,,60,20,5,WEST263 INTERNATIONAL LIMITED,,
db7b5f3d-5ffa-4d18-a2da-a0a6b0758d86,howwouldIknow.cn,premium,,,48,4,16,,,
dc43052f-b0fb-4a90-8a51-3dc1c0b81e96,Iamafraidofthis.cn,premium,,,44,8,19,,,
dc9a68fc-74c2-4d16-9488-78cf22ea59f5,parents.cn,resell,,,66,14,7,Dynadot Inc,,
dcbafbeb-ce1e-41ce-92d9-48526f4f4acf,Trumpcare.cn,premium,,,63,3,10,,,
dd37d84e-7a54-4f2d-a2fa-0dfacd9ff3cd,landscaping.cn,resell,,,80,16,11,Dynadot Inc,,
ded8a801-bb95-4688-bc42-7d049455f51e,Jody.cn,premium,,,74,10,4,,,
dfe0f6c1-5c98-4cb9-b3c0-6eab3fc872a5,VirginiaBeach.cn,premium,,,58,9,14,,,
e0c0eb89-636d-4f02-a61c-d2e7ac9b61d2,Ihavecancer.cn,premium,,,44,2,13,,,
e0fe7c67-d68d-4101-a8e7-2ef09801defc,WestEuropean.cn,premium,,,54,6,13,,,
e10528ab-f79b-4fd7-8b09-6b1716d39d6a,StrongCity.cn,premium,,,72,4,11,,,
e18f9f62-fc27-4610-963d-89f1187d345e,JusticeofthePeace.cn,premium,,,62,2,20,,,
e2fb1edb-dee7-440c-a2ed-2c4595b54e79,scanners.cn,resell,,,53,7,8,Dynadot Inc,,
e42dd651-1197-4194-bc46-549af8be342f,Tabascosauce.cn,premium,,,57,1,13,,,
e43ef9e5-8ffc-4b98-8a03-b84c1eca9f40,GeneralTaochicken.cn,premium,,,70,1,19,,,
e49771a0-91e8-492f-834e-777d3cb88b8d,Ilikethat.cn,premium,,,58,6,11,,,
e51f737a-50ad-46be-b26c-0a82cf99ba8d,CountyofYoung.cn,premium,,,42,1,15,,,
e72a8f2c-cb95-4c69-a875-7c81e6444def,NewChicago.cn,premium,,,63,1,11,,,
e80eeb1a-9a4f-4188-bc92-f09fbef54d22,IamwhatIam.cn,premium,,,50,9,14,,,
e90781c7-96e2-4de4-abde-ead637adb0cc,Obamacare.cn,premium,,,66,8,10,,,
e9c3b14e-0ef9-45e1-9ed3-b6c1021fe86d,StPetersburgh.cn,premium,,,60,1,15,,,
ea59cd79-71d9-4515-88a0-38d3f007e2c7,UnitedKingdom.cn,premium,,,64,92,14,,,
eb20706d-4e6b-45ba-a5fd-0dc9b76f6773,vitamins.cn,resell,,,60,17,8,Dynadot Inc,,
ec18ecd8-915d-476c-b1ec-399ea6ca2fbd,CountyofHawaii.cn,premium,,,50,1,16,,,
ecf06480-5e9d-4f0c-8c0c-856ed16cde3e,Lordknows.cn,premium,,,66,2,10,,,
ed1fee40-8716-4685-94d1-2afe9e5b5721,Rhianna.cn,premium,,,81,3,7,,,
ed742d6b-4537-44e2-8d9d-52861a2f491f,destination.cn,resell,,,90,25,11,Dynadot Inc,,
ee1c9ed4-191d-4921-a740-3267e7ff1791,springtime.cn,resell,,,74,9,11,Dynadot Inc,,
eeed1443-768c-4f77-93b5-7f63ac128dfe,Caliorbust.cn,premium,,,56,1,12,,,
ef0bf515-5acf-4e9f-8159-b291e6c8f874,IsleofMan.cn,premium,,,62,91,11,,,
ef10c15b-630b-435d-8813-c4c3a37b20df,Germanpizza.cn,premium,,,82,1,12,,,
ef6cc222-09ce-4de1-868f-cda12a79a210,Ilikepie.cn,premium,,,58,2,10,,,
efac8b41-17b7-454d-a60c-2a2470f66c71,races.cn,resell,,,60,8,5,Dynadot Inc,,
f007da47-3f0b-4f55-8137-eb253f14c4e0,TexasCity.cn,premium,,,71,6,10,,,
f2544454-ca32-4f4d-95b8-963934cbfd33,SuezCanal.cn,premium,,,58,3,10,,,
f294b70a-3e68-4214-826b-086161d6ecf5,contemplation.cn,resell,,,66,6,13,阿里云计算有限公司（万网）,,
f3195f8d-2bd0-4fdf-97d0-9b2732135cca,FrenchRepublic.cn,premium,,,58,56,15,,,
f364791f-8576-4af8-b335-6ef2f2539965,IsleofWightCounty.cn,premium,,,52,2,20,,,
f57de7bf-1743-45af-be08-9f1ea921d5f4,Iamadoctor.cn,premium,,,50,1,13,,,
f5c57c5b-f320-41fd-9cfa-aa8e9d20c39b,beans.cn,resell,,,74,20,5,Dynadot Inc,,
f7fffae7-a1a3-4486-bda9-a734339cfbc8,Lordloveyou.cn,premium,,,60,1,13,,,
f823ba73-f864-4804-a757-72b1944d94af,SurfCity.cn,premium,,,75,10,9,,,
f82489ec-49a3-48af-a6f1-e32531008799,Wikipedias.cn,premium,,,53,2,10,,,
f99a245e-2918-4c61-ad1b-721c57714cae,WordofAllah.cn,premium,,,56,1,13,,,
fa492fa2-ac4d-4d81-b61d-513c7b32a24d,tracks.cn,resell,,,60,18,6,Dynadot Inc,,
fb24a02d-f76a-4358-8923-fab71c79ada8,IsleofPortland.cn,premium,,,52,2,16,,,
fb850738-4f2b-4336-8f06-50705c3d119a,BigMacsauce.cn,premium,,,70,1,13,,,
fc83739e-7f2d-47c1-b743-39ef8c79f4ac,Ihaveatemperature.cn,premium,,,50,3,20,,,
fd8dff1b-d282-4f06-87c3-6553aae8cefc,titles.cn,resell,,,56,9,6,Dynadot Inc,,
fd8fa65d-b0ac-45e0-83c4-bcd1b6f05641,merchants.cn,resell,,,56,14,9,Dynadot Inc,,
fd90534c-e2fc-4c04-bbb6-23aae9c067e5,studs.cn,resell,,,69,7,5,Dynadot Inc,,
feb50d8d-bf6e-4e84-b210-07593f34bdcf,CountyofQueens.cn,premium,,,44,1,16,,,
fed5a377-c054-41c9-a9e1-dba769f464cf,Iwantmymoneyback.cn,premium,,,50,2,20,,,
ff771711-2d98-410a-afed-8c2bf3dc1596,magazines.cn,resell,,,60,11,9,Dynadot Inc,,
ffbecee3-3fa7-489c-b7f2-6209ab2ee36e,CountyofHudson.cn,premium,,,44,1,16,,,
fff23b2c-c052-45a3-a671-d3fe3c141563,shareholders.cn,resell,,,50,5,12,Dynadot Inc,,
d568d88b-6dd4-4998-8d29-59202275ad0e,razor.cn,resell,,,70,21,5,PDR Ltd. d/b/a PublicDomainRegistry.com,,
3bf9657c-3ab6-4b8d-9e1f-3d8bf8c5481a,selected.cn,resell,,,72,16,8,阿里云计算有限公司（万网）,,
46b3bfe5-f144-47dd-924e-8c1cc03ba7f9,lens.cn,resell,,,62,69,4,Dynadot Inc,,
32a1dd9c-5670-40d3-bee2-aceff8c2a1bb,sandwich.cn,resell,,,76,21,8,Dynadot Inc,,
2777f86e-11d5-4d24-ab38-22202150de72,recovery.cn,resell,,,83,32,8,Dynadot Inc,,
f6edc213-e198-4fa0-bafc-fcc67f91e927,attendant.cn,resell,,,86,7,9,阿里云计算有限公司（万网）,,
193fb5ce-ee14-43f0-8c02-4856f87dbb64,marks.cn,resell,,,66,21,5,阿里云计算有限公司（万网）,,
85ce5394-b786-402e-ac8a-4b4d97924ad1,stain.cn,resell,,,64,9,5,Dynadot Inc,,
1fb89f0a-3dff-438c-98fa-c552ca138d0f,excursion.cn,resell,,,82,10,9,成都西维数码科技有限公司,,
f40bc171-8ad8-4fc9-9405-7c4efd2552f0,bump.cn,resell,,,68,23,4,阿里云计算有限公司（万网）,,
dc85809e-5f96-4861-80f9-5deccb026185,advocate.cn,resell,,,76,22,8,Dynadot Inc,,
5ddc1fec-8356-4fa1-83df-b3d40b6cba71,unlimited.cn,resell,,,80,34,9,Dynadot Inc,,
2a61567e-3d1f-4cf0-8548-2839a176a0ac,chambers.cn,resell,,,64,19,8,Domain Registration Services,,
242ef226-9922-4b86-b27f-87c1fc244e8c,stove.cn,resell,,,72,11,5,Dynadot Inc,,
13543ebf-5653-4cff-82d1-0397216e4fc5,legs.cn,resell,,,76,12,4,Dynadot Inc,,
605dc7bd-fb16-4820-8aff-194e2f3f4330,occasion.cn,resell,,,76,9,8,Dynadot Inc,,
f3932521-516a-4981-aedf-f4a4bd8c77ce,velvet.cn,resell,,,80,30,6,Dynadot Inc,,
f767a472-9739-4e9e-b564-ae0341a5b711,alias.cn,resell,,,76,26,5,Dynadot Inc,,
9ba76516-db30-4188-aa79-c19ba2854a25,walk.cn,resell,,,80,29,4,Dynadot Inc,,
deda5a49-7624-44cb-8cff-f6ec7814069b,local.cn,resell,,,80,53,5,Dynadot Inc,,
6b85b15d-d5de-4b86-a1b5-7d952b8734e3,intimate.cn,resell,,,82,14,8,Dynadot Inc,,
17e68205-4af4-401d-a006-c0c2cd0f10f2,crash.cn,resell,,,66,30,5,阿里巴巴云计算（北京）有限公司,,
46f46f48-a6de-4567-bb42-676a81fd1f7f,cleverly.cn,resell,,,73,11,8,阿里云计算有限公司（万网）,,
eef206a1-d76f-405c-81f0-c95db30c51a5,lace.cn,resell,,,80,17,4,Dynadot Inc,,
97e2e23a-f162-4430-8cb6-c6f93c91d0f8,traveler.cn,resell,,,72,19,8,Dynadot Inc,,
76c6b39d-40b0-43e3-90ea-c41fe461b78a,slot.cn,resell,,,72,35,4,阿里巴巴云计算（北京）有限公司,,
d0f4df4d-2349-4144-a53e-c5438958d823,well.cn,resell,,,74,32,4,厦门易名科技股份有限公司,,
ba4fa835-8ac9-4cfa-85a1-8a9bddb23323,shaft.cn,resell,,,70,10,5,浙江贰贰网络有限公司,,
7b53847e-a426-4c1c-8af7-9c63b42f7fbb,adventure.cn,resell,,,80,41,9,Dynadot Inc,,
ea5406e2-d313-4dc2-8769-0ff0226a6a7f,interview.cn,resell,,,78,29,9,Dynadot Inc,,
32959880-2fa9-4a55-8c21-766af2d71052,protein.cn,resell,,,86,25,7,Dynadot Inc,,
2c790524-b430-4bd1-a147-3b479f431185,political.cn,resell,,,70,20,9,Dynadot Inc,,
9196ebd0-ba80-4053-b60e-013230b3a50c,prudent.cn,resell,,,75,9,7,Dynadot Inc,,
40b87237-7742-4905-8d4c-0519799845d2,reading.cn,resell,,,68,28,7,Dynadot Inc,,
b5caa87c-e2cd-453f-8bc6-18fd17066c6c,mono.cn,resell,,,74,38,4,阿里云计算有限公司（万网）,,
f99f3523-089e-4803-bedc-b153ae1b2088,hybrid.cn,resell,,,74,27,6,浙江贰贰网络有限公司,,
beff2d9b-a9c5-4340-953a-ab4f48018b71,opinion.cn,resell,,,85,23,7,Dynadot Inc,,
193b724d-4524-44eb-b723-68d8031ec161,bead.cn,resell,,,74,14,4,Dynadot Inc,,
09257638-4d34-498a-88ad-20a8630f3808,overseas.cn,resell,,,68,13,8,Dynadot Inc,,
47927925-e490-44a1-ae60-b8350bf86b8b,chorus.cn,resell,,,70,23,6,Dynadot Inc,,
1a0580f8-5321-4d62-90d0-c6568e32e74d,barter.cn,resell,,,68,26,6,Dynadot Inc,,
0b57aef4-7b82-49cb-a3d6-ff2b501829f2,hairy.cn,resell,,,68,11,5,阿里云计算有限公司（万网）,,
92386ebf-7c27-49bc-9935-ccdbfb486c94,baseball.cn,resell,,,86,31,8,Dynadot Inc,,
95972b9c-a167-4b48-9f22-a3cee59db87a,moderation.cn,resell,,,74,12,10,阿里云计算有限公司（万网）,,
816c6318-df3c-4989-b05f-9ee8007f2319,briefcase.cn,resell,,,74,10,9,Dynadot Inc,,
56db2c0c-49db-4015-9692-031d2b43bd4a,RomanCatholic.cn,premium,,,66,4,14,,,
eca78a54-054c-42fb-9211-299aa93e15ce,moscow.cn,resell,,,62,23,6,广州云讯信息科技有限公司,,
3a3ca758-40a2-4789-9e69-37d741dd133f,boxer.cn,resell,,,76,12,5,Dynadot Inc,,
d3478cbe-8edc-4431-a474-d63d527e5e02,priceless.cn,resell,,,79,65,9,Dynadot Inc,,
efca4421-3f1f-47dc-bab9-92cc82d2eca1,masterly.cn,resell,,,79,18,8,北京网尊科技有限公司,,
b54b1933-7082-406c-a0d8-7e9df69e5d02,beads.cn,resell,,,76,11,5,Dynadot Inc,,
483699c9-b6ae-4c03-8722-1501cc0142a2,above.cn,resell,,,112,23,5,阿里云计算有限公司（万网）,,
b00f607c-cec7-453b-b3eb-6d86a96e222a,quantity.cn,resell,,,72,5,8,成都西维数码科技有限公司,,
fb41a840-477e-478f-b909-10382abc7e80,fever.cn,resell,,,60,24,5,Dynadot Inc,,
d7248a05-adca-43b1-95af-3d381b7590ee,whether.cn,resell,,,74,8,7,广东时代互联科技有限公司,,
a09e1e8d-1f90-4ebc-9b37-adde5074918c,shelf.cn,resell,,,74,19,5,Dynadot Inc,,
769e6173-c17b-43a3-a63f-cdea8e2c75fb,border.cn,resell,,,68,17,6,Dynadot Inc,,
572dbeb7-30ed-458c-ac38-b723c1aa4814,corridor.cn,resell,,,72,14,8,阿里云计算有限公司（万网）,,
d1d389fe-1ed8-4444-9837-8523d9f33e89,stress.cn,resell,,,70,17,6,Dynadot Inc,,
5db1fccd-7caf-448d-aac7-39f7e19657ce,soup.cn,resell,,,78,27,4,Dynadot Inc,,
a1b4eeca-c96e-47af-9bb4-e5f8cad881ba,boards.cn,resell,,,78,15,6,Dynadot Inc,,
f40cfdf9-12f3-4a9b-91f6-948401d731e5,fork.cn,resell,,,76,24,4,Dynadot Inc,,
6f0ffb3f-5fb1-458d-95ad-dd60f69cf03d,sauce.cn,resell,,,82,28,5,Dynadot Inc,,
ec02cc44-2bb5-48c0-b6fe-5195b7508c80,boxers.cn,resell,,,74,8,6,Dynadot Inc,,
a8403726-12c6-4a47-9fdf-95b2254d9dc9,david.cn,resell,,,74,45,5,united-domains GmbH,,
80f2889c-521f-40a6-ad99-2eac676988e8,thrift.cn,resell,,,70,20,6,Dynadot Inc,,
737e63b9-3cf2-44ec-9f38-c43d48fd7de6,divide.cn,resell,,,70,11,6,Dynadot Inc,,
c10148d5-ca5c-414d-8abc-bdd74423b98b,wallet.cn,resell,,,74,54,6,Dynadot Inc,,
542243cf-3437-469b-a777-721695919a28,regional.cn,resell,,,72,18,8,Dynadot Inc,,
aec82a81-7562-4b95-bf17-ef7455a4ba53,complete.cn,resell,,,120,25,8,阿里云计算有限公司（万网）,,
f339e1b4-6b37-4c0d-91c4-9d0982397835,sauna.cn,resell,,,76,31,5,Dynadot Inc,,
90609dc9-24e5-44a6-8236-156127913e68,bacon.cn,resell,,,66,27,5,Dynadot Inc,,
dcd20bd0-9fa5-4932-a1b3-0eebe0426775,spoon.cn,resell,,,74,23,5,Dynadot Inc,,
ae9c4fc0-708b-4301-9f2e-0eba2bf11c15,bones.cn,resell,,,56,16,5,Dynadot Inc,,
abd641dc-c3bb-4785-a75d-cc1dd1770773,glue.cn,resell,,,72,29,4,Dynadot Inc,,
8303621c-34da-4ba6-b469-636d25dea786,often.cn,resell,,,78,11,5,EPAG Domainservices GmbH,,
2de76f29-385b-456b-8c8c-ea25d3cff5ee,elite.cn,resell,,,90,42,5,Web Commerce Communications Limited,,
ee7d1fee-22dd-49ab-be64-0a548562b02c,wealthy.cn,resell,,,78,22,7,Dynadot Inc,,
c7d43d1d-0a57-46f8-8bbe-5a849bdbae63,coconut.cn,resell,,,78,27,7,Dynadot Inc,,
4c7ab4b4-db00-4c8c-8241-0ca1ee203087,shifting.cn,resell,,,72,8,8,阿里云计算有限公司（万网）,,
65f6371d-de3a-4b88-bcee-87692b9e70c5,location.cn,resell,,,74,27,8,Dynadot Inc,,
93aa0366-14ed-405e-a872-76d7aa531b28,veal.cn,resell,,,58,6,4,Dynadot Inc,,
9f77ea1d-bd1d-481b-a198-348624f43a8f,electronic.cn,resell,,,68,20,10,北京网尊科技有限公司,,
bbc30822-8499-4c3f-bb30-81fa28d11d74,mature.cn,resell,,,78,17,6,Dynadot Inc,,
82f85bed-19ed-4f5f-8d9f-a02d3af09a61,comedian.cn,resell,,,80,7,8,Dynadot Inc,,
6752003b-c321-4acc-bac7-6248ec55e32e,daytime.cn,resell,,,78,8,7,Dynadot Inc,,
f023d686-f342-4b74-ae42-7d55bf4dad58,sequel.cn,resell,,,78,17,6,Dynadot Inc,,
685c50cd-cc0b-4c1a-8823-71210405cc3a,candle.cn,resell,,,79,26,6,Dynadot Inc,,
540a6622-c3b8-4cbc-b06f-ec1b51fa6d03,crafty.cn,resell,,,68,19,6,阿里云计算有限公司（万网）,,
b7e42496-ae83-4e6e-ad5f-39168fba2d4c,efficient.cn,resell,,,90,22,9,阿里云计算有限公司（万网）,,
53e61fa6-cae1-40c0-b9af-a0ecd20fcb92,burn.cn,resell,,,76,29,4,Dynadot Inc,,
1f8d29c8-3865-489e-965b-e10d4d0830d4,sounding.cn,resell,,,68,5,8,阿里云计算有限公司（万网）,,
324aa311-5b60-4976-a682-13f5e7032ecf,relish.cn,resell,,,86,12,6,阿里云计算有限公司（万网）,,
bcf11e84-2ae1-420d-b986-7d77cafad201,prevention.cn,resell,,,78,13,10,Dynadot Inc,,
bfc6f645-7a32-46a7-af56-f94d02ad1db1,cosmos.cn,resell,,,74,42,6,浙江贰贰网络有限公司,,
0afadae9-4845-4b19-83cb-ae26d617b8d8,superstar.cn,resell,,,80,24,9,Dynadot Inc,,
1b2cb1bf-c091-4198-8342-e33e9526d696,extraordinary.cn,resell,,,74,22,13,成都垦派科技有限公司,,
5441f650-7c72-47bf-9695-9d4fc69ad71c,burger.cn,resell,,,84,28,6,Dynadot Inc,,
4d5980a0-5344-4f07-bd44-84d7ada48ed4,scene.cn,resell,,,74,25,5,Dynadot Inc,,
325fbe4d-159b-490f-b86d-f3c38bfc441c,courtyard.cn,resell,,,74,10,9,Dynadot Inc,,
b2d5bca0-1277-4e51-8592-269b2cdf2924,nutritious.cn,resell,,,80,6,10,阿里云计算有限公司（万网）,,
010c7569-36eb-468b-9641-41d804bc3b05,psychic.cn,resell,,,71,23,7,Dynadot Inc,,
ca080361-4b1a-43f3-aabe-b6b7c19556ed,progressive.cn,resell,,,84,29,11,阿里云计算有限公司（万网）,,
f15b6421-fa41-4d9a-a40d-576adb75700c,detective.cn,resell,,,76,20,9,Dynadot Inc,,
27627b0f-5f3a-4a59-9020-81da78f00ebf,valued.cn,resell,,,74,13,6,WEST263 INTERNATIONAL LIMITED,,
cad31639-56fa-48d0-b9f1-efef84de11cb,developed.cn,resell,,,72,8,9,阿里云计算有限公司（万网）,,
a9cb89cf-6f6c-42f0-bc28-6b2256aabb5f,corrupt.cn,resell,,,80,12,7,北京光速连通科贸有限公司,,
77e1c70b-2685-411b-8885-a60965b2f419,diplomatic.cn,resell,,,84,9,10,北京光速连通科贸有限公司,,
69998f33-4789-4393-b13e-2b8fccd54be4,familiar.cn,resell,,,90,,8,阿里云计算有限公司（万网）,,
65c02174-3ee2-4531-b895-1e3be30163b0,fate.cn,resell,,,60,27,4,广东时代互联科技有限公司,,
57cb0fde-728f-4ca0-a622-e2eb459e34b6,laboratory.cn,resell,,,76,17,10,Dynadot Inc,,
eb486cbf-8a52-4290-aebc-3ef83bb6c2aa,warranty.cn,resell,,,76,15,8,Dynadot Inc,,
5cea944b-c757-4993-881e-7af3011aedd1,relationship.cn,resell,,,80,21,12,Dynadot Inc,,
468286d6-52ab-4a8f-b741-daeefe75713f,remote.cn,resell,,,76,40,6,Dynadot Inc,,
c8c7cfec-d9c9-498f-a728-28214d5a7660,range.cn,resell,,,66,29,5,Dynadot Inc,,
4b5b1492-5894-4eab-8c17-be033ee8f495,cheese.cn,resell,,,78,29,6,Dynadot Inc,,
ea66f34b-b8bf-49a2-9042-7638bb69bf11,interim.cn,resell,,,74,18,7,Dynadot Inc,,
bb0c473a-b38e-47aa-b93d-ced0333ff767,nutrient.cn,resell,,,92,9,8,Dynadot Inc,,
b703b30b-30eb-4b1c-90e7-f9e38c56d576,accessory.cn,resell,,,84,10,9,成都垦派科技有限公司,,
3f5087cc-6606-44ce-a70a-b52a42cc85cf,structure.cn,resell,,,80,26,9,Dynadot Inc,,
991a77b5-a125-465e-b52d-69c35d903cbb,outback.cn,resell,,,74,17,7,Dynadot Inc,,
0f155d9e-36f1-4e1e-b7f9-90470e8cf65f,glitter.cn,resell,,,78,18,7,厦门易名科技股份有限公司,,
e4d185c7-2e69-4d95-bf5d-d3b581b896d1,polygon.cn,resell,,,70,25,7,Dynadot Inc,,
f83fd685-40b9-4d4f-931f-1befd647d8c9,primetime.cn,resell,,,74,25,10,Dynadot Inc,,
78196d8b-e7e9-41a7-b356-cd4ac025b27d,genuine.cn,resell,,,78,22,7,Dynadot Inc,,
b6811fbb-ef0d-4fe8-829d-3638de0fef48,Germanshepherd.cn,premium,,,66,16,15,,,
2ebc9241-15d4-4632-ba73-9928af085e7a,concise.cn,resell,,,93,13,7,阿里云计算有限公司（万网）,,
4dace233-da1b-42cb-86b2-e864a9f53829,how.cn,resell,,,70,29,3,厦门易名科技股份有限公司,,
00b4fb6c-949f-4680-92e9-6bc8b2260854,maxim.cn,resell,,,79,27,5,新疆诺云在线网络科技有限公司,,
9c228b17-7fff-4692-bc68-0667531add9e,bowls.cn,resell,,,70,7,5,成都西维数码科技有限公司,,
90905872-ef2e-41bb-b06a-e9f41b0d1a5d,sperm.cn,resell,,,72,12,5,Dynadot Inc,,
d010a3ca-d882-47e0-a618-7b5d5aeb0999,christian.cn,resell,,,88,39,9,Dynadot Inc,,
282773d1-5370-4312-8b44-b15bb7c76a92,provision.cn,resell,,,76,19,9,Dynadot Inc,,
49189c8f-7213-4910-b6a4-00d26e38c861,driveup.cn,resell,,,76,4,8,阿里云计算有限公司（万网）,,
086a869d-4603-4b9d-8fa6-7599bbdbcea5,democrat.cn,resell,,,80,14,8,成都西维数码科技有限公司,,
5c1972e4-bf3d-45bd-b726-5f5613a801ce,half.cn,resell,,,90,19,4,厦门易名科技股份有限公司,,
05f47872-3e69-4642-935d-bc6bd70704d4,attraction.cn,resell,,,80,13,10,Dynadot Inc,,
c66322d7-5426-4b2a-ada9-681561f21197,cricket.cn,resell,,,86,27,7,Dynadot Inc,,
3db1507d-eb2f-40f6-8b40-fa443413f72d,aerobic.cn,resell,,,74,6,7,Dynadot Inc,,
eaa09706-41d2-4507-839d-d46db0dc69f6,learn.cn,resell,,,82,43,5,厦门易名科技股份有限公司,,
dc520962-6a75-4b80-a219-19b52230b225,aesthetic.cn,resell,,,88,29,9,阿里云计算有限公司（万网）,,
cb749760-3431-420e-a73b-82d3e13fe940,baking.cn,resell,,,78,10,6,Dynadot Inc,,
fc7a5237-a7d9-4572-b50c-668d3001fdf8,spine.cn,resell,,,70,28,5,Dynadot Inc,,
48d02458-2da7-4a38-b30f-ea5fd0e08c7f,ascent.cn,resell,,,70,30,6,厦门易名科技股份有限公司,,
99bced94-b211-4949-b97e-e85497a3399b,letters.cn,resell,,,74,14,7,Dynadot Inc,,
7f42a115-b5d7-4420-85fe-6b85cfbcef11,lecture.cn,resell,,,78,10,7,Dynadot Inc,,
c61ae7cd-6ae6-4203-b27b-e245a00e91e5,dirt.cn,resell,,,64,27,4,阿里巴巴云计算（北京）有限公司,,
00fe80e2-b072-4442-913b-01d06935c2e4,dead.cn,resell,,,74,28,4,阿里云计算有限公司（万网）,,
a19e9a7d-89e8-422a-879e-80d2150ea489,rare.cn,resell,,,78,42,4,阿里云计算有限公司（万网）,,
4c16fe95-3c15-4c8c-bbfc-f5f79eb6752b,compliant.cn,resell,,,69,13,9,阿里云计算有限公司（万网）,,
9400f8a1-7517-4035-b220-6f99de888886,bone.cn,resell,,,64,24,4,Dynadot Inc,,
6a2b7ecb-64ab-4f60-b466-72744b73b61e,potential.cn,resell,,,80,20,9,浙江贰贰网络有限公司,,
cc6f0b5c-3534-4add-a9f3-dd8a16736e31,cocoa.cn,resell,,,78,21,5,Dynadot Inc,,
90f70df6-15f5-47c0-b7dc-0a7400e8d0b7,printable.cn,resell,,,71,12,9,成都垦派科技有限公司,,
a1d46006-6f63-4c40-b481-f5ea6c62a726,robotic.cn,resell,,,72,30,7,上海福虎信息科技有限公司,,
c696741c-ce39-43d6-b196-97740baa949e,week.cn,resell,,,84,16,4,阿里云计算有限公司（万网）,,
8f72af86-c7f9-4b49-8eb3-40cf6b8b4424,Latinalphabet.cn,premium,,,68,2,14,,,
73900a17-0c46-4a14-8558-a5dcf1efbac9,sold.cn,resell,,,80,22,4,上海美橙科技信息发展有限公司,,
858cb7ee-8a44-46cd-ab33-ff4af89290b7,writing.cn,resell,,,80,24,7,Dynadot Inc,,
ce6c4108-cfe3-43c3-80b6-77b44f6c64fb,documentation.cn,resell,,,62,15,13,阿里云计算有限公司（万网）,,
391af4f7-dcb9-4b5a-814f-fe642a9218b4,subscribe.cn,resell,,,80,22,9,Dynadot Inc,,
39fdeb43-2720-4288-a1d8-e556ce607f5b,gorgeous.cn,resell,,,80,16,8,Dynadot Inc,,
d43d0102-a64a-4d6a-b452-be5cdbca7399,exposure.cn,resell,,,70,21,8,Dynadot Inc,,
67e655d6-bbe6-4bb0-9781-9e7b5ef120b7,leadership.cn,resell,,,80,33,10,Dynadot Inc,,
43c49891-78b9-48c3-bb5f-041c8e5ba80e,birth.cn,resell,,,82,17,5,Dynadot Inc,,
04dd9b3a-6835-487b-a0b6-96fe32a4f6c6,machinery.cn,resell,,,70,16,9,Dynadot Inc,,
f0c4160c-f734-432e-ae0c-b74d9821e36f,liquor.cn,resell,,,74,18,6,Dynadot Inc,,
e0620128-2aa1-49c5-9bb8-2730215cc509,BBC.cn,resell,,,84,67,3,厦门三五互联信息有限公司,,
b0c64f11-8df8-4d50-b826-8d0e4e08c1c4,acting.cn,resell,,,84,13,6,Dynadot Inc,,
4a281848-adcc-4b47-bed5-4b296361afb6,selfless.cn,resell,,,70,11,8,阿里云计算有限公司（万网）,,
232f1a0d-a74b-4178-be78-b3ed6fbf86d3,guarantee.cn,resell,,,82,10,9,Dynadot Inc,,
8f74e89f-5dd6-4632-a30a-a53bb908f3f9,stick.cn,resell,,,70,18,5,Dynadot Inc,,
ffca5876-e69b-4eb2-ab50-6c230885a37d,owens.cn,resell,,,69,14,5,阿里云计算有限公司（万网）,,
46ef202b-c4f8-4101-a488-270978e29368,allergy.cn,resell,,,72,16,7,Dynadot Inc,,
22a5a093-93a8-431e-b136-76fd921d438e,mexican.cn,resell,,,70,22,7,Dynadot Inc,,
f1b8ed3c-c53b-4abb-8223-db1e4d1c9399,lunch.cn,resell,,,93,24,5,Dynadot Inc,,
b0bb4e76-535d-4466-80de-aab118114b75,probable.cn,resell,,,75,11,8,"GoDaddy.com,LLC",,
dc96ce37-8a16-4c14-afc0-305de43a05f8,passion.cn,resell,,,74,29,7,Dynadot Inc,,
e0b74512-acd2-45d2-8d05-d36701a8e69c,sweetFA.cn,premium,,,42,2,8,,,
2ea981f7-0e54-4a75-a4de-200b90016c36,steak.cn,resell,,,84,16,5,Dynadot Inc,,
4a727dc4-4809-4faa-9cb1-e92c1c362221,retreat.cn,resell,,,76,25,7,Dynadot Inc,,
ac8c23fe-6318-4243-b1ae-fd3e20505f9e,retiring.cn,resell,,,77,6,8,Dynadot Inc,,
66ff2acb-5227-4568-b26e-4a3f74bf5fe1,engagement.cn,resell,,,85,19,10,Dynadot Inc,,
8424a6d5-1677-4f58-8d1c-cf0b5d132dbc,allout.cn,resell,,,84,8,7,成都西维数码科技有限公司,,
7c4b05bd-2e8a-411f-806e-a576efd6e7fe,remedial.cn,resell,,,86,24,8,阿里云计算有限公司（万网）,,
139b9ff4-d12a-49c2-82d8-54726d957360,balanced.cn,resell,,,78,19,8,阿里云计算有限公司（万网）,,
d4fd4783-b475-4864-ba37-d7c746fc5818,proficient.cn,resell,,,78,10,10,浙江贰贰网络有限公司,,
a5a0304a-62c9-429f-aa56-afd282cdf927,princess.cn,resell,,,80,24,8,Dynadot Inc,,
009c5648-3921-47f8-a712-cc7cd6788e56,fill.cn,resell,,,68,17,4,"DNC Holdings, Inc.",,
2d5675b2-f346-4ec0-9b9e-8435ec8b64b0,begin.cn,resell,,,84,16,5,厦门易名科技股份有限公司,,
2cdd42d9-2808-40cd-b643-a31cdb2510f0,cuisine.cn,resell,,,78,16,7,Dynadot Inc,,
02830ca4-ab57-48c0-8aa5-3f9e857207b7,cream.cn,resell,,,110,,5,阿里云计算有限公司（万网）,,
601e874b-14d1-43bf-b290-8d776d202147,fighting.cn,resell,,,68,13,8,Dynadot Inc,,
7c1d9dec-e0fc-4014-8ed9-ded63373bc3d,dirty.cn,resell,,,92,24,5,阿里云计算有限公司（万网）,,
fad12370-4d67-4439-bd84-812c6d63719f,cooked.cn,resell,,,70,20,6,阿里云计算有限公司（万网）,,
b2c2e72b-7307-472f-a20a-e58f55041fde,FannyAdams.cn,premium,,,56,2,11,,,
5ced132e-8fe1-46b6-8853-d7787b0a4e77,first.cn,resell,,,80,41,5,"GoDaddy.com,LLC",,
abe5b79f-8bd6-48f7-a628-905b8c2e99fc,involved.cn,resell,,,75,8,8,阿里巴巴云计算（北京）有限公司,,
892df266-b25f-4afd-aa22-aea318f755fb,pregnant.cn,resell,,,78,10,8,Dynadot Inc,,
cdaed447-91c4-4dd6-a398-494054a95e8f,sensual.cn,resell,,,68,13,7,Dynadot Inc,,
147a0b9c-07ba-496e-a116-c99c40497faa,contact.cn,resell,,,84,42,7,Dynadot Inc,,
58f575af-d632-421d-a084-28e81383c3b3,lips.cn,resell,,,68,15,4,Dynadot Inc,,
104f6e50-9bfb-4a1b-977c-89dca37eac8b,drawing.cn,resell,,,82,17,7,Dynadot Inc,,
dc5d6e06-b2a4-4db8-ad8f-4885429723e9,manila.cn,resell,,,78,14,6,Dynadot Inc,,
10752a1d-39d6-4056-8af5-bc368e70c456,stockholm.cn,resell,,,84,17,9,Domain Registration Services,,
183ace73-29ec-469f-8143-f91687d24c19,frozen.cn,resell,,,74,17,6,Dynadot Inc,,
12241f6f-7dcd-4c91-ad5a-7fde08126bcf,orso.cn,resell,,,62,10,5,阿里云计算有限公司（万网）,,
a3f6416d-3fcb-4f36-9f04-324a87f70d1d,barbecue.cn,resell,,,86,13,8,Dynadot Inc,,
c4dba11c-8a5f-44d9-aae8-5729d9a2c2fb,moonlight.cn,resell,,,80,31,9,Dynadot Inc,,
2573266d-808b-4248-bd1d-cc3665201469,munich.cn,resell,,,66,26,6,"GoDaddy.com,LLC",,
e8aba85c-9407-4622-83c6-04f89273fb7d,yield.cn,resell,,,74,27,5,阿里云计算有限公司（万网）,,
785ed40c-ba62-4997-b7e6-6653664282d0,articulate.cn,resell,,,74,16,10,阿里云计算有限公司（万网）,,
9b83840e-2052-4ad0-85bd-7f7e16faac67,marines.cn,resell,,,72,9,7,Dynadot Inc,,
e29bb5fa-5e81-47bd-9af3-41470d620835,fiction.cn,resell,,,78,22,7,Dynadot Inc,,
c3d14d7c-a204-4b72-bcf2-014d1109ae95,sail.cn,resell,,,70,30,4,Dynadot Inc,,
59e62558-3395-47c5-aff9-3da4074f92a5,realized.cn,resell,,,71,12,8,成都西维数码科技有限公司,,
66ee1d4d-6d3d-4d87-9d82-a24eda1d0869,athlete.cn,resell,,,86,23,7,Dynadot Inc,,
88dada0b-719f-452f-81eb-f4b8858195ce,organic.cn,resell,,,93,33,7,Dynadot Inc,,
4458cd90-34b5-44ad-9154-34ebe8eda5c3,counter.cn,resell,,,76,24,7,厦门易名科技股份有限公司,,
0e5eeec2-72a4-4f86-b3ea-e2da0dc1f865,courageous.cn,resell,,,76,11,10,阿里云计算有限公司（万网）,,
af6e45dd-5df8-4370-a115-dbd35ab7e874,shorts.cn,resell,,,74,22,6,WEST263 INTERNATIONAL LIMITED,,
9d3a0c0e-67a8-4afb-a710-b8fa09e8019a,computing.cn,resell,,,78,18,9,PDR Ltd. d/b/a PublicDomainRegistry.com,,
44050dec-2ac9-4622-a544-bdf534e803d3,appeal.cn,resell,,,78,17,6,Megazone Corp.,,
1fa6327d-883b-4a39-9a59-8df7239ed499,pirate.cn,resell,,,66,36,6,Dynadot Inc,,
c41e8410-5f61-4824-bd65-5440111684f5,scale.cn,resell,,,78,42,5,Dynadot Inc,,
1982089a-fae1-4dff-a7ae-9666d4d02821,majestic.cn,resell,,,76,24,8,Dynadot Inc,,
99e286d6-da43-49aa-8061-531662e5d342,government.cn,resell,,,84,24,10,PDR Ltd. d/b/a PublicDomainRegistry.com,,
fac80938-0860-44cd-a45e-710e05f1b7d4,skin.cn,resell,,,76,35,4,Dynadot Inc,,
dbf7fc6e-047b-4dd1-a100-fe3c6d445f95,snack.cn,resell,,,82,27,5,Dynadot Inc,,
2a99b0d7-cb60-45d9-842a-842fd6a1f21d,butcher.cn,resell,,,60,11,7,Dynadot Inc,,
58398f27-36d4-49da-8d32-01aaacabb877,suit.cn,resell,,,72,14,4,Dynadot Inc,,
060cfcd4-5862-4909-b835-ccb054dc34dd,cement.cn,resell,,,68,11,6,厦门易名科技股份有限公司,,
5da7df39-fc1d-477c-8044-3ef976316552,incentive.cn,resell,,,80,16,9,Dynadot Inc,,
985ada68-4aa5-4ec8-a1d3-8d5064155df1,proclaim.cn,resell,,,78,13,8,阿里云计算有限公司（万网）,,
d0e9ebd8-5ac7-4107-b3c7-e0e4aab7f8ff,sausage.cn,resell,,,76,14,7,Dynadot Inc,,
009ed2de-8730-43d5-9c1f-7e52c5f74cbd,vitamin.cn,resell,,,86,25,7,Dynadot Inc,,
3c93d57a-4944-4a97-8b96-0019c71bdc1d,way.cn,resell,,,70,33,3,阿里云计算有限公司（万网）,,
e4b7f900-e5d0-457a-bdb5-cd233f48e753,recording.cn,resell,,,76,13,9,Dynadot Inc,,
59f6e206-40ea-4eef-bd4e-0f5a331ed360,chair.cn,resell,,,66,17,5,Dynadot Inc,,
20fc29ce-48d6-4c16-a824-7d441a65477f,late.cn,resell,,,76,17,4,Namescout.com,,
a8816a7a-5e39-484a-a3ea-11413cfe8d78,saving.cn,resell,,,79,19,6,Dynadot Inc,,
f03d8241-e415-4d25-9e11-8b5727905291,meantime.cn,resell,,,78,6,8,成都垦派科技有限公司,,
09ebdbbf-36a5-484b-8199-3ca3129f2114,condom.cn,resell,,,74,14,6,Megazone Corp.,,
1ff0478b-d834-4268-9ec9-d4d6f9403de5,diabetes.cn,resell,,,66,36,8,Dynadot Inc,,
3f1513f3-57bc-4400-a4c7-646704dc2461,matched.cn,resell,,,78,10,7,阿里云计算有限公司（万网）,,
19e8ade4-518e-44d0-bfd7-3a75a95f5eea,statement.cn,resell,,,70,20,9,Dynadot Inc,,
97e6c9aa-fc8d-47e8-a61e-f47ab109f954,barn.cn,resell,,,76,17,4,Dynadot Inc,,
b43a0317-f758-4682-9e90-7580d6261942,scandal.cn,resell,,,64,9,7,Dynadot Inc,,
36fe38b0-e398-46d9-a743-283ac7733bd3,addition.cn,resell,,,74,12,8,厦门易名科技股份有限公司,,
4adbb7fc-1840-4a4f-a308-2d80cda57afd,activity.cn,resell,,,82,20,8,Dynadot Inc,,
b4bf730c-ba99-4e9c-bf4c-b8f2cb9d98bd,affiliate.cn,resell,,,80,32,9,Dynadot Inc,,
c34bc006-301e-44ec-9e17-edfa998170b8,boots.cn,resell,,,75,19,5,Dynadot Inc,,
60a9c84d-bdf1-4694-9510-93a90c56171d,essence.cn,resell,,,72,27,7,Dynadot Inc,,
b8300063-018a-40fc-ade0-7ee151181265,salad.cn,resell,,,76,16,5,Dynadot Inc,,
0826a896-ce94-4491-8b89-8e2355e4cf0e,handle.cn,resell,,,76,22,6,Dynadot Inc,,
478e9444-dd28-42e6-ba3a-4b7301bf5d4d,divers.cn,resell,,,69,12,6,Dynadot Inc,,
0135cc0b-a612-4cee-9453-2dba58a04e05,iron.cn,resell,,,84,32,4,"eNom, Inc.",,
b3b50f56-fd60-4cdb-af59-c69367c6df38,identified.cn,resell,,,66,6,10,阿里巴巴云计算（北京）有限公司,,
541c1c24-29db-4064-ab8b-4b80ef66d312,Californian.cn,premium,,,78,5,11,,,
3263367e-a561-4f06-a5f3-ee468e0cff2c,deposit.cn,resell,,,72,16,7,Dynadot Inc,,
214d2f3c-c206-4bc4-ba50-9a3149eab232,trading.cn,resell,,,78,35,7,Dynadot Inc,,
b6a4b67b-aced-40c4-9235-c642826c7dc8,academic.cn,resell,,,96,21,8,阿里云计算有限公司（万网）,,
4a862e3f-6e02-4e75-a60e-bb469e06fa56,righteous.cn,resell,,,81,12,9,成都西维数码科技有限公司,,
ba4b1de4-3651-4601-bee3-d1bb2ddca8fc,bye.cn,resell,,,72,19,3,上海福虎信息科技有限公司,,
ee8a83aa-f990-4ffd-baff-843d32b2922f,sleeping.cn,resell,,,76,13,8,Dynadot Inc,,
3f1bba41-2d04-46e4-9e4b-17b059da911e,driving.cn,resell,,,90,21,7,Dynadot Inc,,
0e792235-5e2a-4c3e-ad58-38513c51d441,hedge.cn,resell,,,68,21,5,Dynadot Inc,,
7961ab0c-44d2-4eb5-b646-e2c0f4c4b6e9,dedicate.cn,resell,,,78,9,8,成都西维数码科技有限公司,,
6e299e2c-08ad-434a-a47c-e783b840589d,tender.cn,resell,,,120,25,6,Dynadot Inc,,
046b8084-46f8-428c-a486-dd8b35a7578f,nationwide.cn,resell,,,76,66,10,Dynadot Inc,,
143fd169-7991-4b90-a8e4-dad68d0b2b03,telecom.cn,resell,,,78,23,7,厦门易名科技股份有限公司,,
f38c23be-78b5-4d52-b56d-01214128bf2e,affirm.cn,resell,,,80,83,6,浙江贰贰网络有限公司,,
b7deb397-6628-479c-8d9f-e43a3f70956a,negative.cn,resell,,,112,12,8,广西北部湾在线投资控股有限公司,,
d6203e60-f40a-4506-b544-afabeb650803,individual.cn,resell,,,92,17,10,Dynadot Inc,,
235c6303-f805-4315-95d6-6ce4518c562f,lying.cn,resell,,,64,7,5,阿里云计算有限公司（万网）,,
a9f938a1-6aac-4075-a3a1-2b96b2d62ad4,parks.cn,resell,,,77,20,5,Dynadot Inc,,
6fe13f8f-82bf-499f-a9bd-d7946ecba632,barbeque.cn,resell,,,86,8,8,Dynadot Inc,,
25d555d1-367b-46b9-a880-56aaf9f1a2f4,expand.cn,resell,,,82,21,6,浙江贰贰网络有限公司,,
9c7686e9-f541-42d6-8ccc-65145a785301,canoe.cn,resell,,,80,13,5,Dynadot Inc,,
d941f9ff-ecfb-4f6f-92ec-6c3eb69307d1,ballroom.cn,resell,,,82,11,8,Dynadot Inc,,
a0952dfb-2b3c-414e-b967-3c2e7ffab71f,mysterious.cn,resell,,,68,19,10,阿里云计算有限公司（万网）,,
426be8a2-4091-4ef6-8da2-a57dccb88c4f,alot.cn,resell,,,80,12,5,Dynadot Inc,,
4130ca3c-7db3-474b-9ed6-3a3fe647a8d9,easter.cn,resell,,,110,18,6,Dynadot Inc,,
9dd82d90-b06e-4dc1-9964-9d7a649b3224,lip.cn,resell,,,72,14,3,Dynadot Inc,,
1cb99fa4-173f-4ae0-ab33-55ae023b4625,veggie.cn,resell,,,82,14,6,Dynadot Inc,,
c90f0b26-b80b-4c11-9576-4c9d585cf6d8,ethical.cn,resell,,,94,,7,阿里云计算有限公司（万网）,,
92341f5d-e2a3-415f-8f71-dbced31cb345,traveling.cn,resell,,,72,16,9,网路中文资讯股份有限公司,,
982bf06b-2ed6-434d-99e1-d7e81e0b3baf,having.cn,resell,,,72,7,6,腾讯云计算（北京）有限责任公司,,
1125f863-d243-4ca4-be34-1a6168274838,infant.cn,resell,,,86,10,6,Dynadot Inc,,
1052a975-d1f7-4536-a82e-e8433b69e0d0,invitation.cn,resell,,,82,15,10,Dynadot Inc,,
69eed366-ae8d-4ebb-9f54-b916ac0d4b17,soldier.cn,resell,,,70,10,7,阿里云计算有限公司（万网）,,
adca033f-8d45-4799-b1bf-cb2011a2376e,ignite.cn,resell,,,82,38,6,阿里云计算有限公司（万网）,,
060d264c-0372-4e7c-914f-b8c6db2ce198,supermodel.cn,resell,,,80,16,10,Dynadot Inc,,
bb554897-b458-4c09-b593-d54682182e9a,spam.cn,resell,,,58,33,4,Web Commerce Communications Limited,,
76914674-36f1-451c-b779-2780fd7028b8,hanoi.cn,resell,,,64,16,5,Dynadot Inc,,
c9e9b9c5-3a5e-4e47-b382-cb4b53f4ad19,audacious.cn,resell,,,76,14,9,阿里云计算有限公司（万网）,,
3e9feb3d-a5ca-4cbf-af1c-305b393c0bb0,hawaii.cn,resell,,,70,37,6,Dynadot Inc,,
51c75d30-5c31-4948-82ef-c8427fbb3662,become.cn,resell,,,86,22,6,Dynadot Inc,,
ce3018b4-7e1b-43a7-b3f1-7f09ebfc4ba1,showcase.cn,resell,,,82,27,8,Dynadot Inc,,
457a0a45-9ddf-431e-9693-25e4e6fa0f9c,clearance.cn,resell,,,70,14,9,Dynadot Inc,,
839475e0-d1cd-4495-bf28-843748cf1633,educated.cn,resell,,,68,9,8,阿里云计算有限公司（万网）,,
7bd9e783-3270-49db-9e41-b8e7857ae952,Christianname.cn,premium,,,66,2,14,,,
ecc78255-50e1-45d5-874a-d74dcb25bfdf,seattle.cn,resell,,,70,30,7,Dynadot Inc,,
70fa5c42-5731-4d49-b697-61666d5866b6,commodity.cn,resell,,,74,19,9,Dynadot Inc,,
2f9cab55-6141-443d-8b8f-f78340e2cf5b,seats.cn,resell,,,74,11,5,Dynadot Inc,,
64e319a2-f7c6-440b-a77d-35ca73674132,syndrome.cn,resell,,,58,7,8,成都西维数码科技有限公司,,